<?xml version="1.0" encoding="UTF-8"?>
<preferences>
 <debug showDebugMenu="0" />
 <systemtable filter="Default">
  <columns>
   <opcodeName visible="0" />
   <connections preferredWidth="191" />
   <irq preferredWidth="34" />
   <export visible="0" />
   <inputclock preferredWidth="108" />
  </columns>
 </systemtable>
 <clocktable>
  <columns>
   <clockname preferredWidth="291" />
   <clocksource preferredWidth="291" />
   <frequency preferredWidth="273" />
  </columns>
 </clocktable>
 <window width="1366" height="728" x="-8" y="-8" />
 <library
   expandedCategories="Library,Library/Peripherals/Debug and Performance,Library/Interface Protocols/Serial,Library/Interface Protocols/Ethernet,Library/Interface Protocols/Ethernet/Example,Library/Memories and Memory Controllers/On-Chip,Library/Memories and Memory Controllers/External Memory Interfaces/Memory Interfaces/DDR2,Library/Memories and Memory Controllers/External Memory Interfaces,Library/Memories and Memory Controllers/External Memory Interfaces/Memory Interfaces/RLDRAM II,Library/Merlin Components,Library/Memories and Memory Controllers/External Memory Interfaces/Pattern Generators,Library/Legacy Components,Library/Memories and Memory Controllers/External Memory Interfaces/Memory Interfaces/DDR3,Library/Memories and Memory Controllers/External Memory Interfaces/Memory Interfaces/QDR II,Library/Memories and Memory Controllers/SDRAM,Library/Bridges and Adapters/Streaming,Library/Video and Image Processing,Library/Bridges and Adapters,Library/Interface Protocols/PCI,Library/Memories and Memory Controllers,Library/Memories and Memory Controllers/External Memory Interfaces/Memory Interfaces,Library/Interface Protocols,Library/Memories and Memory Controllers/External Memory Interfaces/Memory Interfaces/Flash,Library/Bridges and Adapters/Memory Mapped,Project,Library/Peripherals,Library/Avalon Verification Suite" />
</preferences>
